Caldwell|Burke|(077) 68725929|8939 Nibh St.|Redcliffe|orci.|erat.volutpat@atarcuVestibulum.ca|CaldwellBurke
Violet|Cox|(031820) 018135|P.O. Box 588, 4854 Tempor, Road|Mandurah|feugiat|nisi.magna.sed@lectussitamet.co.uk|VioletCox
Emily|Leonard|(0147) 52929216|Ap #623-8207 Lectus Road|Iowa City|egestas.|semper@etultrices.org|EmilyLeonard
Gannon|Riley|(090) 04381707|P.O. Box 621, 5821 Et Avenue|Virelles|ligula|ultrices.posuere@adipiscingMauris.com|GannonRiley
Hilda|Vasquez|(08821) 1327986|976-6840 Eu Rd.|Lewiston|ac|montes.nascetur@nonlobortisquis.org|HildaVasquez
Chiquita|Dillon|(038398) 467660|Ap #502-3477 Nec Av.|Francavilla Fontana|Nulla|ac@tincidunttempusrisus.net|ChiquitaDillon
Bert|Richard|(066) 10850379|Ap #198-5107 Dictum Road|Uttarpara-Kotrung|iaculis,|adipiscing@hendreritnequeIn.edu|BertRichard
Xanthus|Wade|(0294) 53346343|P.O. Box 362, 6694 Enim, Avenue|Zonhoven|amet|Sed@enim.ca|XanthusWade
Ferris|Mcpherson|(034847) 154242|Ap #561-3486 Nunc St.|Saint-Étienne-du-Rouvray|ultrices|Sed@duiFusce.net|FerrisMcpherson
Francesca|Flowers|(0559) 48196933|Ap #252-1597 Cum Ave|Casnate con Bernate|laoreet|Nulla.facilisis.Suspendisse@Maecenas.edu|FrancescaFlowers
Leo|Morales|(038708) 572295|133 Elit, Street|Reno|varius|lorem.semper.auctor@vitaenibhDonec.net|LeoMorales
Quincy|Cline|(006) 36324015|Ap #795-6918 Non Avenue|Opprebais|pede.|massa@sitametmetus.com|QuincyCline
Charde|Newman|(091) 77219797|2169 Dapibus St.|Ibadan|purus.|ante@tempor.ca|ChardeNewman
Gabriel|Dillard|(0987) 17952662|P.O. Box 622, 845 Vulputate, Road|Minturno|Nunc|ipsum.ac@eu.net|GabrielDillard
Sloane|Caldwell|(0875) 13112911|Ap #281-6267 Integer Road|Giustino|dui|fermentum.fermentum@Vivamussit.org|SloaneCaldwell
McKenzie|Santana|(033314) 990386|4417 Facilisis. Av.|Colorado Springs|tellus,|sociis.natoque@loremeumetus.net|McKenzieSantana
Yvonne|Roberts|(0228) 42947906|Ap #216-5762 Nunc. St.|Serskamp|Nunc|non.massa.non@penatibus.net|YvonneRoberts
Sage|Sandoval|(04805) 5822322|P.O. Box 396, 3328 Lorem Road|Lauregno/Laurein|euismod|vitae.semper@sociisnatoque.ca|SageSandoval
Francesca|Brock|(06440) 4772789|881-9448 Ac Av.|Kufstein|quam.|neque.venenatis@ullamcorpervelitin.net|FrancescaBrock
Lacey|Terrell|(095) 33874088|605-6158 Ligula. Ave|Bay Roberts|convallis|Donec@Integerinmagna.org|LaceyTerrell
Aiko|Hess|(039) 94276084|2240 Faucibus St.|Meise|montes,|Duis@Namconsequatdolor.ca|AikoHess
Thane|Russell|(027) 70678608|Ap #490-1114 Mauris Avenue|Manoppello|turpis.|elit.dictum@gravida.org|ThaneRussell
Arthur|Fisher|(085) 76461949|P.O. Box 280, 9707 Quis Av.|Feldkirchen in Kärnten|nec,|lectus.rutrum@pedeCrasvulputate.net|ArthurFisher
Rafael|Valencia|(08346) 7642667|4597 Vitae St.|Banbury|Donec|Aliquam@estvitae.net|RafaelValencia
Cadman|Martinez|(046) 74262461|802-228 Vitae, Street|Villa Faraldi|in|Proin.eget@sagittisaugueeu.ca|CadmanMartinez
Christian|Mercado|(04571) 9318469|6216 Pharetra. Street|Richmond|lacus.|orci.tincidunt.adipiscing@vitaevelit.org|ChristianMercado
TaShya|Mclaughlin|(08450) 0887388|593-6355 Tempor Ave|Lions Bay|semper.|sociis.natoque@Etiam.org|TaShyaMclaughlin
Georgia|Woods|(0880) 79658831|Ap #410-3247 Eu, Road|Minucciano|neque|placerat.eget@eleifendegestas.ca|GeorgiaWoods
Willa|Valenzuela|(030469) 900541|3829 Vitae, St.|Bernburg|pede|lorem@Phasellus.org|WillaValenzuela
Geraldine|Mccullough|(0509) 01482347|Ap #381-5660 Condimentum. Road|Belfast|ligula|auctor@tristique.co.uk|GeraldineMccullough
Sasha|Durham|(0648) 84529472|4001 Enim. Street|Fort Resolution|enim|aliquet.lobortis@turpis.ca|SashaDurham
Stacey|Robertson|(056) 83901652|P.O. Box 325, 2790 Sit Avenue|Florianópolis|facilisi.|ut@Aeneanegestas.net|StaceyRobertson
Pandora|Nicholson|(0764) 58153853|3020 Risus. Av.|Blind River|purus|lobortis@nullaInteger.com|PandoraNicholson
Latifah|Conrad|(032021) 338212|P.O. Box 693, 1554 In Ave|Elen|Nulla|scelerisque.mollis@Sedeueros.ca|LatifahConrad
Laith|Aguilar|(030255) 786459|647-9879 Dictum. Rd.|Eigenbrakel|Mauris|erat@eumetusIn.ca|LaithAguilar
Nelle|Cline|(0225) 85288307|9673 Metus Rd.|Lacombe County|tempor|rutrum.justo.Praesent@at.edu|NelleCline
Angelica|Rivera|(039164) 073866|9461 Velit Ave|Castiglione di Sicilia|lorem.|fames.ac.turpis@laciniaSed.edu|AngelicaRivera
Trevor|Gibbs|(047) 27653343|Ap #289-9307 Pede, Rd.|Uberlândia|ipsum|Vivamus.sit@Donec.net|TrevorGibbs
Vielka|Golden|(070) 76831261|9292 In St.|Warspite|nisi.|erat.Sed.nunc@loremluctus.com|VielkaGolden
Melodie|Pacheco|(042) 55322896|P.O. Box 572, 5483 Tempus Ave|São João de Meriti|dolor|eget.ipsum@egetdictumplacerat.net|MelodiePacheco
Madonna|Sargent|(013) 88177601|P.O. Box 163, 8050 Natoque St.|Lavacherie|eu,|at@risusquis.co.uk|MadonnaSargent
Caesar|Vaughn|(079) 29120998|Ap #218-5773 Sed Road|Miramichi|consectetuer|rutrum@at.ca|CaesarVaughn
Geoffrey|Workman|(0420) 80465309|534-5772 Quisque Rd.|Noisy-le-Grand|Cras|aliquet.sem@cursus.ca|GeoffreyWorkman
Nelle|Harper|(001) 09634800|8209 Nunc Av.|Essen|mauris|risus.varius.orci@scelerisque.org|NelleHarper
Derek|Marshall|(09713) 6963772|374-2384 Nisi Avenue|Bhopal|natoque|vel.arcu.eu@urnanec.ca|DerekMarshall
Mikayla|Beach|(036045) 299317|Ap #396-5874 Ut St.|Perwez|Sed|tempus@non.co.uk|MikaylaBeach
Odysseus|Mullen|(011) 07673638|6826 Eros St.|Huntingdon|malesuada|laoreet.posuere@dolordolor.net|OdysseusMullen
Keiko|Petersen|(01885) 1550581|1636 Faucibus Street|Oostkerke|ornare|eu@at.ca|KeikoPetersen
Colin|Buckley|(095) 70319011|P.O. Box 447, 5229 In Road|Verdun|suscipit|at.risus@tellussemmollis.com|ColinBuckley
Macy|Goodwin|(061) 25589507|449-8729 Nullam Street|Johnstone|gravida|eu.nibh.vulputate@Morbinonsapien.ca|MacyGoodwin
Conan|Haynes|(03547) 3765249|8980 A, Ave|Gianico|Morbi|velit.Aliquam.nisl@vehicula.edu|ConanHaynes
Len|Buchanan|(0144) 10939705|358-8052 Lacus. Street|Cannole|Curabitur|luctus@scelerisquemollis.co.uk|LenBuchanan
Judith|Robertson|(00477) 8164931|619-8784 Ante Road|Borgomaro|gravida|vestibulum@scelerisquesed.net|JudithRobertson
Louis|Perkins|(011) 79120873|481-2781 Sem Rd.|Eindhout|interdum.|diam@ligulaeu.net|LouisPerkins
Callum|Harper|(0440) 82358152|P.O. Box 731, 8477 Urna. Road|Poznań|Morbi|Maecenas.libero@pedeet.ca|CallumHarper
Tamekah|Whitfield|(031921) 384467|Ap #208-6094 Malesuada St.|Eugene|Donec|nec.urna.suscipit@maurisSuspendissealiquet.ca|TamekahWhitfield
Jordan|Watts|(05523) 7996247|P.O. Box 617, 9557 Mollis Av.|Tczew|Maecenas|natoque.penatibus@interdumCurabitur.co.uk|JordanWatts
Ira|Wright|(0070) 44001831|212-3941 Lobortis, Rd.|Abergavenny|volutpat.|neque.vitae@egestashendreritneque.net|IraWright
Cecilia|Lloyd|(030438) 602017|Ap #684-7287 Sed Av.|Salt Lake City|Maecenas|arcu.Curabitur@duiCras.edu|CeciliaLloyd
Charity|Bennett|(0875) 00959542|4392 Sed Street|Kanpur Cantonment|penatibus|mi.lorem@interdumCurabitur.co.uk|CharityBennett
Ciaran|Bernard|(08947) 9499675|7354 Ultrices St.|Patos|magnis|eu.tempor.erat@bibendumsedest.co.uk|CiaranBernard
Macon|Valentine|(0918) 16438934|450-2793 Adipiscing Av.|Hay River|Sed|non@ut.co.uk|MaconValentine
Odessa|Hodges|(04195) 3913944|278-592 Phasellus Street|Ruddervoorde|magna|Sed.nunc@feugiatmetussit.edu|OdessaHodges
Keely|Floyd|(0892) 40861369|Ap #619-5078 Aenean Avenue|Woodstock|mauris.|ornare.sagittis@vehiculaaliquetlibero.net|KeelyFloyd
Veronica|Cooke|(08351) 0301961|P.O. Box 140, 6589 Duis Rd.|Eernegem|Vivamus|risus@auctorMauris.co.uk|VeronicaCooke
Molly|Pickett|(033404) 807979|Ap #813-6084 Commodo Av.|Villanova d'Albenga|Quisque|urna.convallis.erat@sem.net|MollyPickett
Kennedy|Buckner|(082) 44180642|941-2872 Scelerisque Street|Ottawa-Carleton|semper,|et@mi.edu|KennedyBuckner
Ocean|Bauer|(089) 23081776|4870 Penatibus Road|Millport|risus.|est.ac.mattis@nequeMorbiquis.net|OceanBauer
Karleigh|Cortez|(037013) 393923|P.O. Box 893, 5728 Egestas Rd.|Rio Saliceto|tincidunt|orci.lacus.vestibulum@mifringilla.edu|KarleighCortez
Micah|Norton|(019) 69100992|Ap #706-2098 Dolor Ave|Paradise|euismod|elit.Aliquam.auctor@neceuismod.edu|MicahNorton
Iola|Thornton|(045) 04339421|8556 Ipsum Rd.|Stroud|amet|egestas.urna.justo@per.net|IolaThornton
Lara|Romero|(031895) 677755|187-8681 Vel Road|Monte Giberto|nonummy|est.mauris@pharetra.com|LaraRomero
Denise|Landry|(029) 44925518|6555 Neque Ave|Chatillon|dictum|rutrum@sedest.com|DeniseLandry
Preston|Mccoy|(05897) 0783192|4970 Diam. Street|Zutendaal|aliquet|volutpat.Nulla@urna.com|PrestonMccoy
Lucian|Jenkins|(032420) 380081|P.O. Box 537, 3549 Phasellus St.|Waarloos|Proin|magna.et@metusurnaconvallis.edu|LucianJenkins
Branden|Maldonado|(0513) 29223928|Ap #514-3712 Vitae Rd.|Hawera|enim.|orci.sem@maurisIntegersem.ca|BrandenMaldonado
Desirae|Mitchell|(06961) 0324707|940-1528 Tristique Ave|Panketal|ipsum|tempor.bibendum@mauris.edu|DesiraeMitchell
Avram|Vasquez|(036153) 738366|384-2425 Eget, Rd.|Banda|dapibus|lectus@inmagna.com|AvramVasquez
Sharon|Bailey|(033880) 216919|9003 Nibh. Road|Richmond Hill|dolor.|Nam@ipsumporta.ca|SharonBailey
Willa|Torres|(08178) 9375395|Ap #343-9863 Donec Rd.|Kerkrade|ante|sociis.natoque.penatibus@nuncnullavulputate.net|WillaTorres
Gail|Carter|(0272) 18881959|518-2831 Hendrerit St.|Spokane|pede.|eleifend@erat.ca|GailCarter
Tarik|Tillman|(00170) 1343773|203-232 Hymenaeos. Av.|Fort Saskatchewan|tempor,|enim@etmagnaPraesent.co.uk|TarikTillman
Giacomo|Armstrong|(0784) 52952795|Ap #320-2977 Urna. St.|Flin Flon|porttitor|mauris@sedlibero.ca|GiacomoArmstrong
Brett|Boyd|(00471) 7627405|P.O. Box 479, 4574 Vitae Av.|Alacant|mollis.|mauris.ipsum@necligulaconsectetuer.net|BrettBoyd
Juliet|Barlow|(066) 71471357|P.O. Box 221, 6124 Faucibus Rd.|Avadi|Sed|semper.pretium.neque@diam.net|JulietBarlow
Alma|Turner|(04298) 4460588|6814 Luctus Street|Mont|risus.|ornare.In.faucibus@eget.co.uk|AlmaTurner
Lester|Kemp|(02087) 9408618|Ap #502-4713 Faucibus Rd.|Chandler|at|orci.luctus@semper.co.uk|LesterKemp
Cooper|Cross|(008) 93118499|479 Sed Road|Bekegem|tincidunt.|odio@at.org|CooperCross
Tanner|Wyatt|(016) 27676948|4066 Primis Av.|Cap-Saint-Ignace|sagittis|Vestibulum@sodalespurusin.org|TannerWyatt
Dorothy|Villarreal|(0143) 28981059|618-2035 Porttitor Avenue|Tamines|sapien,|dolor.sit@In.ca|DorothyVillarreal
Lev|Blanchard|(097) 95343678|4373 Pede St.|Santomenna|Praesent|ridiculus@dignissimmagnaa.edu|LevBlanchard
Clementine|Noel|(09537) 6102131|P.O. Box 284, 4208 Ultrices Road|Merthyr Tydfil|nisi|egestas.lacinia.Sed@Nullamenim.com|ClementineNoel
Tanek|Hunt|(031545) 550304|6531 Tempus Road|Andalo|dui.|Phasellus.ornare@aodio.org|TanekHunt
Phelan|Adams|(032574) 686565|803-9422 Fermentum Ave|Waterloo|ornare|ligula.Donec@Phasellusvitaemauris.com|PhelanAdams
Charity|Patel|(07312) 5879338|4241 Eu Ave|Campomorone|dolor.|risus@Aliquamrutrum.edu|CharityPatel
April|Bentley|(089) 66195979|P.O. Box 458, 9860 Lectus Av.|Brodick|auctor|Etiam.laoreet.libero@porttitorvulputate.edu|AprilBentley
Randall|Tyler|(0905) 67105063|698-2069 Leo. Avenue|Mont-Sainte-Genevi�ve|orci,|Quisque@posuerecubiliaCurae.ca|RandallTyler
Sylvia|Medina|(032) 60333248|336-2025 Suscipit, Av.|Wasseiges|elit.|tristique.senectus@pedeCumsociis.org|SylviaMedina
Rosalyn|Lynn|(095) 34498180|Ap #130-9574 Amet Avenue|Ibadan|amet,|non.arcu.Vivamus@Donecest.com|RosalynLynn
Victoria|Montoya|(02902) 4969107|376-2392 Lorem Ave|Certaldo|vehicula|cursus.Nunc@mollisnon.org|VictoriaMontoya